{
  "distros": [
    {
      "name": "Arch Linux"
    },
    {
      "name": "Arco Linux"
    },
    {
      "name": "Artix Linux"
    },
    {
      "name": "Bedrock Linux"
    },
    {
      "name": "Debian"
    },
    {
      "name": "Deepin"
    },
    {
      "name": "ElementaryOS"
    },
    {
      "name": "EndeavourOS"
    },
    {
      "name": "Fedora"
    },
    {
      "name": "FreeBSD"
    },
    {
      "name": "Garuda"
    },
    {
      "name": "Gentoo"
    },
    {
      "name": "KDE Neon"
    },
    {
      "name": "Kubuntu"
    },
    {
      "name": "Linux Mint"
    },
    {
      "name": "Manjaro"
    },
    {
      "name": "MX Linux"
    },
    {
      "name": "openSUSE"
    },
    {
      "name": "Pop!_OS"
    },
    {
      "name": "Rocky Linux"
    },
    {
      "name": "Slackware"
    },
    {
      "name": "Solus"
    },
    {
      "name": "Ubuntu"
    },
    {
      "name": "Ubuntu Mate"
    },
    {
      "name": "Ventoy"
    },
    {
      "name": "Void Linux"
    },
    {
      "name": "Windows 10"
    },
    {
      "name": "Windows 11"
    },
    {
      "name": "Xero Linux"
    },
    {
      "name": "Zorin OS"
    },
    {
      "name": "NixOS",
      "versionAdded": "v3.1"
    },
    {
      "name": "Lubuntu",
      "versionAdded": "v3.1"
    },
    {
      "name": "ChromeOS",
      "versionAdded": "v3.1"
    },
    {
      "name": "Ultramarine",
      "versionAdded": "v3.1"
    },
    {
      "name": "AlmaLinux",
      "versionAdded": "v3.1"
    },
    {
      "name": "Parabola",
      "versionAdded": "v3.1"
    },
    {
      "name": "Archcraft",
      "versionAdded": "v3.2"
    },
    {
      "name": "Nobara",
      "versionAdded": "v3.2"
    },
    {
      "name": "Proxmox",
      "versionAdded": "v3.2"
    },
    {
      "name": "Linux Lite",
      "versionAdded": "v3.2"
    },
    {
      "name": "Vanilla OS",
      "versionAdded": "v3.2"
    },
    {
      "name": "CentOS",
      "versionAdded": "v3.3"
    }
  ],
  "vendors": [
    {
      "name": "Acer"
    },
    {
      "name": "Aorus"
    },
    {
      "name": "Apple"
    },
    {
      "name": "Asus"
    },
    {
      "name": "ASRock"
    },
    {
      "name": "Dell"
    },
    {
      "name": "Framework"
    },
    {
      "name": "Gigabyte"
    },
    {
      "name": "HP"
    },
    {
      "name": "Huawei"
    },
    {
      "name": "Kingston"
    },
    {
      "name": "Legion"
    },
    {
      "name": "Lenovo"
    },
    {
      "name": "MSI"
    },
    {
      "name": "Razer"
    },
    {
      "name": "System76"
    },
    {
      "name": "Toshiba"
    },
    {
      "name": "Vaio"
    },
    {
      "name": "Thinkpad",
      "versionAdded": "v3.1"
    },
    {
      "name": "Samsung",
      "versionAdded": "v3.1"
    },
    {
      "name": "LG",
      "versionAdded": "v3.1"
    },
    {
      "name": "Asus ROG",
      "versionAdded": "v3.2"
    },
    {
      "name": "Asus TUF",
      "versionAdded": "v3.2"
    },
    {
      "name": "HP Victus",
      "versionAdded": "v3.2"
    },
    {
      "name": "Medion",
      "versionAdded": "v3.2"
    },
    {
      "name": "Supermicro",
      "versionAdded": "v3.3"
    },
    {
      "name": "Fujitsu",
      "versionAdded": "v3.3"
    },
    {
      "name": "HP Omen",
      "versionAdded": "v3.3"
    }
  ]
}
